date,T2m,relative_humidity_2m,precipitation,mslp,sp,wind_speed_10m,wind_direction_10m,temperature_1000hPa,Z_1000hPa,wind_speed_1000hPa,wind_direction_1000hPa,T_850hPa,Z_850hPa,RH_850hPa,wind_speed_850hPa,wind_direction_850hPa,T_500hPa,Z_500hPa,RH_500hPa,wind_speed_500hPa,wind_direction_500hPa,Z_50hPa,T CW V,latitude,longitude,U10,V10,U_1000hPa,V_1000hPa,U_850hPa,V_850hPa,U_500hPa,V_500hPa
2024-11-25 23:00:00+00:00,9.0675,93.0,0.2,997.7,994.8064,19.08,209.0,9.8,-18.0,12.783802,212.34741,3.55,1319.0,82.0,56.671135,243.5978,-18.3,5457.0,94.0,143.35458,223.67732,20063.0,21.8,59.3293,18.0686,9.250169,16.687742,6.8399935,10.800004,50.76003,25.199934,99.000114,103.679855
2024-11-26 00:00:00+00:00,8.8175,92.0,0.0,998.1,995.20276,18.359999,204.0,9.75,-15.0,11.885453,215.13428,3.1,1320.0,74.0,53.178955,250.21562,-18.45,5450.0,86.0,145.27325,222.18767,20067.0,19.8,59.3293,18.0686,7.467682,16.772694,6.840015,9.71999,50.039967,18.000088,97.55986,107.64011
2024-11-26 01:00:00+00:00,8.8175,92.0,0.0,998.2,995.3025,16.919998,200.0,9.5,-11.0,12.261157,220.23628,2.6,1322.0,64.0,53.6255,252.41643,-18.8,5441.0,68.0,153.27461,223.85812,20073.0,16.6,59.3293,18.0686,5.78698,15.899597,7.9199862,9.36001,51.119972,16.20009,106.20015,110.519844
2024-11-26 02:00:00+00:00,8.9175,92.0,0.0,998.5,995.60254,17.28,213.0,9.1,-6.0,12.984975,226.12321,2.1,1324.0,52.0,56.245316,252.49275,-19.2,5431.0,46.0,164.26141,226.68726,20079.0,12.9,59.3293,18.0686,9.411361,14.4922285,9.359983,9.000015,53.639973,16.92008,119.51992,112.68008
2024-11-26 03:00:00+00:00,8.8175,93.0,0.0,999.8,996.8978,18.359999,221.0,8.7,-1.0,13.783817,229.23648,1.65,1327.0,43.0,59.427265,252.004,-19.65,5422.0,33.0,171.52365,227.80727,20083.0,10.2,59.3293,18.0686,12.045244,13.856466,10.440013,8.999986,56.51997,18.36008,127.0801,115.199875
2024-11-26 04:00:00+00:00,8.2175,90.0,0.0,1000.0,997.09094,16.199999,221.0,8.3,4.0,14.021525,228.12221,1.25,1330.0,39.0,63.75151,251.56496,-20.0,5414.0,39.0,171.59958,226.01991,20083.0,9.3,59.3293,18.0686,10.628157,12.226294,10.440012,9.359984,60.479965,20.16009,123.47982,119.160194
2024-11-26 05:00:00+00:00,8.3175,84.0,0.0,1000.4,997.49115,16.199999,221.0,7.85,10.0,14.003028,226.04153,0.95,1333.0,38.0,68.31468,250.61012,-20.4,5407.0,54.0,168.89218,222.84053,20082.0,9.4,59.3293,18.0686,10.628157,12.226294,10.079984,9.720017,64.439964,22.680088,114.83993,123.84004
2024-11-26 06:00:00+00:00,8.0175,84.0,0.0,1000.9,997.98645,18.0,215.0,7.45,15.0,13.755579,222.87889,0.75,1337.0,38.0,71.51054,250.28787,-20.85,5402.0,63.0,165.99162,220.426,20083.0,9.5,59.3293,18.0686,10.324375,14.744737,9.359997,10.080001,67.31996,24.120102,107.63982,126.36015
2024-11-26 07:00:00+00:00,7.7175,83.0,0.0,1002.1,999.1798,19.8,218.0,7.0,20.0,13.783817,220.76352,0.8,1341.0,38.0,71.27091,250.83278,-21.4,5399.0,60.0,166.16643,219.72606,20090.0,9.0,59.3293,18.0686,12.190095,15.602614,8.999984,10.440015,67.31996,23.40013,106.19989,127.80011
2024-11-26 08:00:00+00:00,7.3675003,82.0,0.0,1002.7,999.77435,19.44,216.0,6.6,25.0,13.896187,216.57312,0.95,1345.0,38.0,69.33061,251.8472,-22.05,5397.0,51.0,165.6133,219.88525,20101.0,8.5,59.3293,18.0686,11.426543,15.727293,8.280016,11.159988,65.87996,21.60012,106.199875,127.0801
2024-11-26 09:00:00+00:00,7.2175,83.0,0.0,1002.8,999.87244,20.519999,206.0,6.35,29.0,13.979872,214.50858,1.0,1349.0,39.0,67.176414,252.53598,-22.95,5394.0,42.0,160.29097,220.81056,20110.0,8.2,59.3293,18.0686,8.995374,18.443254,7.9200115,11.519993,64.079956,20.16011,104.75978,121.32017
2024-11-26 10:00:00+00:00,7.5175004,80.0,0.0,1003.1,1000.1747,21.24,208.0,6.45,32.0,13.979872,214.50858,0.8,1352.0,42.0,65.00866,252.26732,-24.25,5390.0,32.0,145.91196,223.50052,20117.0,8.3,59.3293,18.0686,9.971575,18.753807,7.9200115,11.519993,61.919964,19.800095,100.440125,105.839874
2024-11-26 11:00:00+00:00,8.2675,79.0,0.0,1003.4,1000.4817,21.599998,211.0,6.8,35.0,13.684735,215.36255,0.5,1354.0,46.0,62.613094,251.56496,-25.75,5386.0,21.0,126.942764,227.98871,20123.0,8.6,59.3293,18.0686,11.124819,18.514814,7.9200153,11.159988,59.399967,19.800089,94.32012,84.959885
2024-11-26 12:00:00+00:00,8.0675,78.0,0.0,1003.7,1000.7787,20.16,211.0,6.9,38.0,13.479583,214.11452,0.25,1356.0,50.0,60.468212,250.16252,-27.0,5382.0,14.0,109.469,231.81097,20128.0,8.8,59.3293,18.0686,10.383165,17.280495,7.5600076,11.159993,56.879963,20.520102,86.039925,67.680084
2024-11-26 13:00:00+00:00,7.8675003,78.0,0.0,1004.3,1001.375,19.8,211.0,6.65,41.0,13.089354,211.50421,0.05,1358.0,55.0,59.84452,246.9824,-27.7,5379.0,11.0,95.29738,231.44157,20131.0,8.8,59.3293,18.0686,10.197751,16.971912,6.839988,11.160006,55.079987,23.40004,74.51996,59.40005
2024-11-26 14:00:00+00:00,7.3675003,79.0,0.0,1004.8,1001.86816,16.199999,202.0,6.2,44.0,13.0447235,207.97939,-0.1,1360.0,60.0,60.05206,243.28142,-28.1,5377.0,11.0,82.09578,228.19963,20134.0,8.8,59.3293,18.0686,6.0686274,15.020376,6.119982,11.52001,53.640038,26.999928,61.200077,54.719902
2024-11-26 15:00:00+00:00,6.8675003,78.0,0.0,1005.2,1002.26166,15.4800005,194.0,5.8,46.0,13.202726,205.8663,-0.3,1361.0,66.0,59.79252,240.81146,-28.5,5375.0,17.0,67.74316,226.72263,20136.0,9.1,59.3293,18.0686,3.7449496,15.020179,5.759988,11.880005,52.200043,29.159918,49.319965,46.440025
2024-11-26 16:00:00+00:00,6.4675,78.0,0.0,1005.3,1002.3573,15.119999,195.0,5.6,48.0,13.527572,205.2011,-0.65,1362.0,75.0,58.048256,240.2552,-29.0,5374.0,31.0,48.384857,233.47105,20139.0,10.0,59.3293,18.0686,3.9133441,14.604797,5.7599936,12.240003,50.400047,28.79992,38.879955,28.80006
2024-11-26 17:00:00+00:00,6.1675,76.0,0.0,1005.5,1002.55365,16.919998,198.0,5.5,49.0,14.007655,205.90645,-1.05,1362.0,84.0,55.28198,240.76428,-29.55,5375.0,50.0,30.563978,254.98158,20142.0,11.3,59.3293,18.0686,5.2285666,16.091875,6.119987,12.600006,48.240036,26.99993,29.519993,7.9200253
2024-11-26 18:00:00+00:00,6.1675,80.0,0.0,1005.7,1002.75305,18.72,202.0,5.35,50.0,14.654254,207.824,-1.35,1363.0,91.0,52.002243,243.25763,-29.8,5376.0,66.0,25.849905,282.875,20145.0,12.4,59.3293,18.0686,7.012636,17.35688,6.83998,12.96001,46.44002,23.39995,25.200003,-5.7599945
2024-11-26 19:00:00+00:00,6.4175,80.0,0.0,1005.9,1002.95496,19.44,207.0,5.1,52.0,15.0038395,210.25635,-1.4,1364.0,92.0,48.539967,249.14546,-29.7,5378.0,75.0,29.533169,279.11777,20149.0,13.2,59.3293,18.0686,8.825577,17.321167,7.5599794,12.9600115,45.35998,17.280062,29.160011,-4.6799464
2024-11-26 20:00:00+00:00,6.4675,84.0,0.0,1006.2,1003.2547,18.0,210.0,4.8,55.0,15.575981,213.6901,-1.4,1366.0,90.0,45.33428,257.61926,-29.35,5381.0,80.0,37.612675,264.50778,20154.0,13.9,59.3293,18.0686,8.999999,15.588458,8.640004,12.959996,44.280006,9.719977,37.440002,3.599924
2024-11-26 21:00:00+00:00,6.4675,85.0,0.0,1006.8,1003.8529,16.199999,212.0,4.65,57.0,15.986593,215.83774,-1.4,1368.0,89.0,44.131947,264.3825,-29.05,5384.0,84.0,44.71107,256.9708,20158.0,14.3,59.3293,18.0686,8.584691,13.738379,9.360017,12.959986,43.920006,4.3199396,43.559998,10.080014
2024-11-26 22:00:00+00:00,6.4675,86.0,0.0,1007.2,1004.2518,14.759999,209.0,4.7,59.0,15.696165,216.60716,-1.55,1370.0,89.0,44.757423,265.8488,-28.95,5387.0,88.0,45.22838,256.18494,20160.0,14.2,59.3293,18.0686,7.1557903,12.909386,9.360017,12.599987,44.64,3.239952,43.91999,10.800032
2024-11-26 23:00:00+00:00,6.4175,87.0,0.0,1007.5,1004.5503,15.4800005,212.0,4.85,60.0,15.192682,216.32692,-1.7,1371.0,90.0,45.60079,264.10947,-28.9,5390.0,92.0,42.876286,256.89722,20161.0,13.8,59.3293,18.0686,8.203151,13.127785,9.000018,12.239986,45.360004,4.6799355,41.76,9.719998
2024-11-27 00:00:00+00:00,6.4675,89.0,0.3,1007.6,1004.6506,16.199999,213.0,4.95,62.0,15.192682,216.32692,-1.9,1373.0,91.0,45.36714,262.7059,-28.85,5392.0,95.0,39.325775,258.3815,20163.0,13.5,59.3293,18.0686,8.82315,13.586463,9.000018,12.239986,45.00001,5.75992,38.52,7.919987
2024-11-27 01:00:00+00:00,6.4175,90.0,0.6,1008.0,1005.0488,16.199999,216.0,4.9,64.0,15.696165,216.60716,-2.05,1375.0,94.0,42.155373,262.1468,-28.85,5394.0,98.0,34.518726,262.208,20166.0,13.6,59.3293,18.0686,9.522119,13.106076,9.360017,12.599987,41.760014,5.7599277,34.20001,4.679947
2024-11-27 02:00:00+00:00,6.3675003,90.0,0.8,1008.2,1005.24786,16.919998,212.0,4.8,67.0,16.199999,216.86998,-2.25,1378.0,98.0,37.47114,261.7143,-28.85,5395.0,100.0,28.449112,268.5498,20169.0,14.0,59.3293,18.0686,8.966233,14.348972,9.720018,12.959985,37.08001,5.3999386,28.439999,0.71998453
2024-11-27 03:00:00+00:00,6.1675,90.0,1.1,1008.3,1005.3454,16.919998,213.0,4.75,69.0,16.704155,217.11694,-2.3,1380.0,100.0,33.145424,261.2539,-28.85,5396.0,100.0,23.828083,274.3322,20171.0,14.2,59.3293,18.0686,9.21529,14.190305,10.08002,13.319984,32.760006,5.039955,23.760002,-1.7999635
2024-11-27 04:00:00+00:00,6.0175004,90.0,0.8,1008.5,1005.5433,16.919998,220.0,4.75,71.0,16.92383,218.08882,-2.2,1381.0,100.0,29.59235,260.19397,-28.85,5397.0,94.0,20.633371,276.0089,20171.0,14.3,59.3293,18.0686,10.875964,12.961472,10.440009,13.319993,29.160006,5.039963,20.520004,-2.1599624
2024-11-27 05:00:00+00:00,6.2175,89.0,0.5,1008.7,1005.7449,16.199999,227.0,4.8,72.0,17.10284,220.73201,-2.0,1383.0,99.0,26.405453,258.9965,-28.9,5399.0,85.0,17.673029,273.50345,20169.0,14.2,59.3293,18.0686,11.847929,11.048373,11.159975,12.960019,25.920002,5.0399885,17.64,-1.0799749
2024-11-27 06:00:00+00:00,6.1675,89.0,0.2,1009.1,1006.14307,14.759999,233.0,4.8,75.0,17.072504,222.43619,-1.9,1385.0,98.0,24.288662,258.0239,-28.95,5401.0,79.0,15.84409,268.6981,20171.0,14.2,59.3293,18.0686,11.787858,8.8827915,11.51999,12.600008,23.76,5.039989,15.84,0.35998967
2024-11-27 07:00:00+00:00,6.0675,89.0,0.1,1009.7,1006.74036,13.32,233.0,4.75,80.0,17.31746,223.31535,-2.05,1389.0,98.0,24.36591,257.19574,-29.0,5404.0,80.0,15.273505,261.87,20178.0,14.2,59.3293,18.0686,10.637824,8.016178,11.880009,12.599991,23.76,5.399995,15.120003,2.1599731
2024-11-27 08:00:00+00:00,5.9175,90.0,0.1,1010.4,1007.43677,11.879999,241.0,4.7,85.0,17.581125,222.5104,-2.3,1395.0,99.0,25.49908,256.94473,-29.1,5407.0,83.0,15.629971,255.32356,20189.0,14.1,59.3293,18.0686,10.390482,5.7595377,11.87999,12.960009,24.839994,5.7600126,15.119996,3.9600112
2024-11-27 09:00:00+00:00,5.6175003,94.0,0.1,1011.2,1008.2312,9.0,325.0,4.6,90.0,16.299694,226.78989,-2.45,1399.0,99.0,25.849905,257.125,-29.15,5410.0,87.0,15.725037,254.05453,20197.0,14.1,59.3293,18.0686,5.162189,-7.3723674,11.879996,11.160006,25.199999,5.760006,15.119995,4.3200164
2024-11-27 10:00:00+00:00,5.0675,93.0,0.3,1011.8,1008.8234,10.440001,338.0,4.4,92.0,13.217443,240.64233,-2.35,1401.0,99.0,25.582806,256.15927,-29.1,5412.0,91.0,14.917212,261.67444,20201.0,14.1,59.3293,18.0686,3.9108932,-9.6798,11.520011,6.479981,24.839996,6.1200113,14.760003,2.1599774
2024-11-27 11:00:00+00:00,4.9675,93.0,0.4,1012.2,1009.2213,11.5199995,324.0,4.15,94.0,10.805999,271.90912,-2.15,1401.0,98.0,24.535524,255.55592,-29.05,5413.0,94.0,14.113653,275.85593,20202.0,14.0,59.3293,18.0686,6.7712865,-9.319875,10.8,-0.359994,23.759996,6.1200156,14.040003,-1.43998
2024-11-27 12:00:00+00:00,4.8675003,93.0,0.2,1012.8,1009.8183,12.24,324.0,3.85,96.0,11.435313,298.1785,-2.05,1402.0,98.0,21.67487,258.50348,-28.95,5414.0,95.0,14.24163,290.72565,20203.0,13.9,59.3293,18.0686,7.194492,-9.902368,10.0800085,-5.3999825,21.240004,4.3199835,13.319994,-5.040018
2024-11-27 13:00:00+00:00,4.6675,94.0,0.1,1013.4,1010.4147,12.24,323.0,3.5,100.0,12.313894,307.87503,-2.2,1405.0,98.0,16.954432,273.65216,-28.85,5417.0,91.0,14.693999,300.96368,20205.0,13.7,59.3293,18.0686,7.366215,-9.775299,9.719993,-7.560009,16.92,-1.0799807,12.600011,-7.5599833
2024-11-27 14:00:00+00:00,4.4675,92.0,0.0,1013.9,1010.9109,12.599999,323.0,3.15,104.0,13.004922,311.63345,-2.45,1409.0,97.0,14.113652,307.74686,-28.75,5419.0,83.0,15.580141,310.31403,20206.0,13.4,59.3293,18.0686,7.5828686,-10.062807,9.720015,-8.639984,11.159993,-8.640008,11.880014,-10.079983
2024-11-27 15:00:00+00:00,4.2675004,91.0,0.0,1014.4,1011.4073,13.32,320.0,2.9,108.0,13.513193,318.23978,-2.7,1412.0,97.0,15.379206,339.44388,-28.7,5422.0,76.0,16.323528,318.57642,20208.0,13.2,59.3293,18.0686,8.561933,-10.203711,8.999988,-10.08001,5.4000206,-14.399991,10.799982,-12.240014
2024-11-27 16:00:00+00:00,4.0175004,90.0,0.0,1014.8,1011.80316,12.959999,320.0,2.9,111.0,14.8257065,330.9455,-2.85,1415.0,98.0,16.923828,1.218852,-28.8,5424.0,69.0,17.283749,324.3235,20210.0,13.2,59.3293,18.0686,8.330528,-9.927934,7.199975,-12.960013,-0.35999313,-16.919998,10.080029,-14.039978
2024-11-27 17:00:00+00:00,3.6675,92.0,0.1,1015.2,1012.1985,12.599999,321.0,3.05,113.0,16.418526,344.7448,-3.0,1417.0,99.0,18.671474,19.133741,-28.95,5425.0,61.0,18.218275,330.39563,20212.0,13.2,59.3293,18.0686,7.9294386,-9.792037,4.3200192,-15.839994,-6.12003,-17.639988,8.99998,-15.84001
2024-11-27 18:00:00+00:00,3.5674999,93.0,0.1,1015.3,1012.297,11.879999,324.0,3.15,115.0,18.532133,352.18478,-3.05,1419.0,100.0,20.808498,30.113651,-29.15,5426.0,55.0,18.899143,342.25522,20214.0,13.2,59.3293,18.0686,6.9828887,-9.61112,2.5199792,-18.360003,-10.439974,-18.000015,5.760039,-17.999989
2024-11-27 19:00:00+00:00,3.4175,93.0,0.1,1015.6,1012.59454,11.879999,323.0,3.05,118.0,19.881649,354.80566,-3.0,1422.0,100.0,22.180206,35.75398,-29.45,5428.0,50.0,20.957443,4.92703,20217.0,13.1,59.3293,18.0686,7.1495614,-9.487789,1.7999723,-19.800003,-12.960028,-17.999977,-1.7999709,-20.880003
2024-11-27 20:00:00+00:00,3.2675,93.0,0.0,1015.9,1012.89197,12.24,327.0,2.85,121.0,20.633371,353.9911,-2.9,1425.0,100.0,22.771244,39.225655,-29.75,5429.0,46.0,27.21038,25.88698,20220.0,12.9,59.3293,18.0686,6.6663804,-10.265328,2.1599684,-20.520004,-14.399993,-17.640005,-11.879981,-24.48001
2024-11-27 21:00:00+00:00,3.2675,93.0,0.0,1016.3,1013.2908,12.24,330.0,2.75,123.0,20.957443,355.07297,-2.85,1427.0,100.0,22.961115,41.185825,-30.0,5431.0,44.0,32.949345,33.86374,20223.0,12.7,59.3293,18.0686,6.1200023,-10.60015,1.7999755,-20.880003,-15.119969,-17.280025,-18.360025,-27.359987
2024-11-27 22:00:00+00:00,3.1675,93.0,0.1,1016.5,1013.489,12.599999,336.0,2.75,124.0,21.2522,358.05856,-2.9,1428.0,97.0,22.45315,41.09941,-30.1,5433.0,44.0,34.76377,31.87957,20224.0,12.4,59.3293,18.0686,5.1248794,-11.5106735,0.7199792,-21.24,-14.759971,-16.920023,-18.359985,-29.520006
2024-11-27 23:00:00+00:00,3.0175,92.0,0.1,1016.6,1013.5871,11.879999,339.0,2.75,125.0,21.611998,1.9091109,-3.0,1429.0,94.0,21.479664,39.55964,-30.1,5435.0,45.0,34.936695,26.300959,20224.0,12.0,59.3293,18.0686,4.2574124,-11.090935,-0.71998435,-21.6,-13.679991,-16.560005,-15.479967,-31.320013
2024-11-28 00:00:00+00:00,2.9675,92.0,0.0,1016.7,1013.68646,11.159999,341.0,2.8,125.0,22.065973,5.6174936,-3.15,1429.0,92.0,21.203358,40.179176,-29.9,5437.0,45.0,35.31121,23.428713,20224.0,11.7,59.3293,18.0686,3.6333387,-10.551987,-2.1599667,-21.960003,-13.679983,-16.200014,-14.040011,-32.399998
2024-11-28 01:00:00+00:00,2.8675,92.0,0.0,1016.7,1013.6852,11.159999,349.0,2.85,125.0,22.314192,10.22212,-3.3,1429.0,94.0,21.382906,44.999897,-29.4,5438.0,41.0,36.890778,28.565739,20222.0,11.6,59.3293,18.0686,2.12943,-10.954958,-3.9599812,-21.960003,-15.11997,-15.120026,-17.639944,-32.40003
2024-11-28 02:00:00+00:00,2.8174999,92.0,0.0,1016.8,1013.78424,11.5199995,352.0,2.9,125.0,23.143827,15.333342,-3.5,1428.0,98.0,22.104116,52.943394,-28.65,5439.0,35.0,39.172237,36.027473,20220.0,11.6,59.3293,18.0686,1.603274,-11.407887,-6.1200213,-22.319992,-17.639982,-13.3200245,-23.040056,-31.679962
2024-11-28 03:00:00+00:00,2.7675,91.0,0.0,1017.0,1013.9834,11.159999,350.0,2.9,126.0,23.565567,18.71184,-3.7,1428.0,100.0,23.664352,56.793423,-28.1,5440.0,31.0,40.654503,39.61066,20218.0,11.6,59.3293,18.0686,1.9379163,-10.990453,-7.560039,-22.319986,-19.799997,-12.960002,-25.919983,-31.320011
2024-11-28 04:00:00+00:00,2.7175,89.0,0.0,1017.0,1013.98267,12.24,350.0,2.9,127.0,24.144167,20.056185,-3.85,1429.0,100.0,26.260265,56.745625,-27.85,5442.0,31.0,39.6752,36.14214,20217.0,11.4,59.3293,18.0686,2.1254568,-12.054047,-8.280035,-22.679987,-21.959997,-14.4000025,-23.400055,-32.03996
2024-11-28 05:00:00+00:00,2.8174999,88.0,0.0,1017.3,1014.2828,13.32,346.0,2.85,128.0,24.94413,20.265789,-3.95,1430.0,98.0,29.46287,54.950554,-27.7,5445.0,33.0,37.554058,29.267897,20215.0,11.2,59.3293,18.0686,3.2223978,-12.924339,-8.640038,-23.399986,-24.119976,-16.92003,-18.359943,-32.760033
2024-11-28 06:00:00+00:00,2.7675,89.0,0.0,1017.5,1014.48193,14.759999,346.0,2.8,130.0,25.282152,19.983198,-4.05,1432.0,96.0,30.599998,53.13002,-27.65,5447.0,33.0,36.702347,21.279676,20216.0,11.0,59.3293,18.0686,3.570765,-14.321565,-8.6400385,-23.759987,-24.47997,-18.360035,-13.320043,-34.19998
2024-11-28 07:00:00+00:00,2.7675,90.0,0.0,1017.8,1014.781,14.4,347.0,2.8,134.0,24.933735,17.650223,-4.15,1435.0,94.0,27.661497,51.34017,-27.65,5449.0,30.0,37.289116,15.109626,20219.0,10.7,59.3293,18.0686,3.2392948,-14.030929,-7.560041,-23.759987,-21.599995,-17.280006,-9.720031,-35.99999
2024-11-28 08:00:00+00:00,2.8174999,90.0,0.0,1018.2,1015.1801,13.32,346.0,2.75,138.0,24.18707,14.656797,-4.2,1439.0,92.0,22.183128,48.289345,-27.75,5452.0,26.0,38.292225,9.196581,20224.0,10.5,59.3293,18.0686,3.2223978,-12.924339,-6.1200185,-23.399996,-16.560026,-14.75997,-6.119951,-37.800007
2024-11-28 09:00:00+00:00,2.9175,91.0,0.0,1018.6,1015.5802,13.679999,348.0,2.75,142.0,24.216522,11.142857,-4.35,1442.0,90.0,18.584509,44.215275,-27.8,5454.0,24.0,39.43931,5.7625394,20228.0,10.2,59.3293,18.0686,2.8442328,-13.381058,-4.679986,-23.76,-12.960022,-13.319978,-3.9599357,-39.24
2024-11-28 10:00:00+00:00,3.2175,92.0,0.0,1019.0,1015.9822,12.599999,349.0,2.75,145.0,24.798225,9.188767,-4.65,1444.0,90.0,17.884428,40.10085,-27.85,5455.0,25.0,40.091137,4.6353807,20230.0,10.0,59.3293,18.0686,2.4041953,-12.368502,-3.9599705,-24.480005,-11.519986,-13.680011,-3.2399426,-39.960003
2024-11-28 11:00:00+00:00,3.3675,92.0,0.0,1019.3,1016.28284,15.119999,354.0,2.75,147.0,26.168804,7.907082,-4.95,1445.0,90.0,19.083395,35.78906,-27.9,5456.0,28.0,40.480392,5.102074,20230.0,9.7,59.3293,18.0686,1.5804731,-15.037169,-3.5999634,-25.920004,-11.160022,-15.479983,-3.5999355,-40.320004
2024-11-28 12:00:00+00:00,3.5175,90.0,0.0,1019.6,1016.58356,14.4,355.0,2.65,150.0,27.193705,6.842679,-5.25,1447.0,91.0,20.87379,32.3196,-27.9,5458.0,30.0,41.58896,5.46376,20230.0,9.5,59.3293,18.0686,1.2550467,-14.345202,-3.2399554,-27.000004,-11.159993,-17.640003,-3.9599397,-41.400005
2024-11-28 13:00:00+00:00,3.4675,88.0,0.0,1019.9,1016.88245,14.759999,359.0,2.3,153.0,28.227306,5.8559217,-5.4,1450.0,93.0,24.023088,29.638298,-27.8,5460.0,29.0,43.708508,4.7243643,20229.0,9.3,59.3293,18.0686,0.2576005,-14.757751,-2.8799548,-28.080006,-11.879969,-20.880018,-3.5999336,-43.560005
2024-11-28 14:00:00+00:00,3.2675,87.0,0.0,1020.5,1017.47833,14.4,357.0,1.8,157.0,29.627363,4.8791914,-5.45,1453.0,96.0,28.185955,28.20154,-27.7,5463.0,27.0,46.16991,3.5762644,20227.0,9.2,59.3293,18.0686,0.75363785,-14.380264,-2.5199573,-29.520002,-13.319962,-24.840021,-2.8799436,-46.08
2024-11-28 15:00:00+00:00,3.0674999,85.0,0.0,1021.1,1018.0744,13.679999,351.0,1.35,161.0,30.317043,4.085537,-5.55,1456.0,96.0,31.072817,26.86184,-27.6,5466.0,26.0,47.94627,3.0127327,20226.0,9.0,59.3293,18.0686,2.1400218,-13.511576,-2.159958,-30.240002,-14.039962,-27.720018,-2.5199542,-47.88
2024-11-28 16:00:00+00:00,2.8675,84.0,0.0,1021.7,1018.67035,14.04,348.0,1.1,165.0,30.652895,3.3664,-5.75,1460.0,93.0,30.926493,24.775122,-27.6,5469.0,26.0,48.305775,2.9902887,20226.0,8.7,59.3293,18.0686,2.9190812,-13.7331915,-1.7999675,-30.600002,-12.9599905,-28.080004,-2.5199525,-48.24
2024-11-28 17:00:00+00:00,2.6175,84.0,0.0,1022.2,1019.1663,14.4,351.0,0.9,170.0,30.619051,2.0213308,-6.0,1464.0,87.0,29.414444,21.54104,-27.65,5473.0,26.0,48.32589,3.4165199,20226.0,8.3,59.3293,18.0686,2.2526548,-14.2227125,-1.0799818,-30.599998,-10.800031,-27.359985,-2.8799424,-48.24
2024-11-28 18:00:00+00:00,2.3174999,87.0,0.0,1022.8,1019.761,12.24,317.0,0.75,175.0,29.888672,1.3803314,-6.2,1468.0,83.0,28.236486,19.359097,-27.7,5477.0,26.0,49.426304,3.75848,20227.0,8.0,59.3293,18.0686,8.347658,-8.95177,-0.71998817,-29.88,-9.360047,-26.639984,-3.2399347,-49.32
2024-11-28 19:00:00+00:00,2.0674999,85.0,0.0,1023.3,1020.25696,14.759999,325.0,0.6,180.0,28.08923,1.4687687,-6.4,1472.0,81.0,28.348713,17.744766,-27.75,5483.0,25.0,51.919937,3.179772,20229.0,7.8,59.3293,18.0686,8.46599,-12.090682,-0.71998435,-28.080002,-8.640044,-26.999985,-2.8799474,-51.84
2024-11-28 20:00:00+00:00,1.75,88.0,0.0,1023.3,1020.05457,11.928989,354.80566,0.5,185.0,25.929996,1.5911111,-6.55,1476.0,80.0,28.691795,17.52567,-27.75,5489.0,25.0,55.48206,2.231127,20232.0,7.7,59.3293,18.0686,1.0799834,-11.880001,-0.71998674,-25.919998,-8.640047,-27.359983,-2.1599538,-55.44
2024-11-28 21:00:00+00:00,1.5,88.0,0.0,1023.9,1020.55566,10.948973,350.53775,0.25,190.0,23.759998,360.0,-6.65,1480.0,78.0,28.483257,16.144413,-27.55,5496.0,23.0,60.188946,2.742558,20234.0,7.5,59.3293,18.0686,1.7999884,-10.800002,-4.15433e-06,-23.759998,-7.920035,-27.35999,-2.8799443,-60.120007
2024-11-28 22:00:00+00:00,1.15,88.0,0.0,1024.4,1021.05676,10.703569,340.3461,-0.25,194.0,22.148045,352.52853,-6.7,1483.0,75.0,27.333935,12.938063,-27.0,5503.0,20.0,66.95032,5.8637767,20234.0,7.2,59.3293,18.0686,3.6000156,-10.079994,2.879969,-21.960001,-6.1200027,-26.64,-6.8398886,-66.600006
2024-11-28 23:00:00+00:00,0.75,88.0,0.0,1024.9,1021.55786,10.990322,328.39255,-0.9,197.0,21.629978,341.56494,-6.7,1485.0,72.0,25.509243,8.930518,-26.25,5509.0,16.0,74.808136,9.416923,20234.0,7.0,59.3293,18.0686,5.7599916,-9.360004,6.840037,-20.519987,-3.959968,-25.200003,-12.239908,-73.80001
2024-11-29 00:00:00+00:00,0.3,88.0,0.0,1025.3,1021.9588,11.019764,321.63248,-1.45,200.0,20.929594,333.43503,-6.45,1487.0,66.0,24.187069,4.267821,-25.55,5517.0,13.0,79.85592,10.651342,20232.0,6.7,59.3293,18.0686,6.8400044,-8.639997,9.359973,-18.72001,-1.7999693,-24.12,-14.759934,-78.48001
2024-11-29 01:00:00+00:00,-0.05,89.0,0.0,1025.6,1022.3596,9.957108,319.39877,-1.9,202.0,18.359999,331.9276,-5.85,1490.0,55.0,23.762726,0.8680399,-25.0,5526.0,10.0,80.19601,9.039405,20229.0,6.5,59.3293,18.0686,6.479991,-7.5600076,8.639974,-16.200014,-0.3599952,-23.76,-12.599892,-79.20001
2024-11-29 02:00:00+00:00,-0.4,90.0,0.0,1025.9,1022.5601,8.209263,322.12494,-2.25,204.0,14.986553,335.89777,-5.0,1492.0,41.0,23.78453,357.3975,-24.5,5537.0,7.0,77.44603,5.869514,20225.0,6.3,59.3293,18.0686,5.040008,-6.479994,6.1199975,-13.68,1.0799786,-23.76,-7.9198837,-77.04001
2024-11-29 03:00:00+00:00,-0.75,91.0,0.0,1026.2,1022.8608,6.4096174,321.8427,-2.55,206.0,11.440979,335.85446,-4.1,1495.0,30.0,22.862125,352.76315,-23.9,5547.0,10.0,74.5513,1.6602461,20222.0,6.2,59.3293,18.0686,3.9600046,-5.039996,4.6799974,-10.4400015,2.8799708,-22.680004,-2.1599529,-74.520004
2024-11-29 04:00:00+00:00,-1.05,92.0,0.0,1026.4,1023.0612,5.1919937,303.6901,-2.8,208.0,8.4963045,323.61554,-3.2,1498.0,23.0,21.129883,346.2005,-23.15,5556.0,23.0,72.10882,356.85196,20219.0,6.1,59.3293,18.0686,4.3199983,-2.8800025,5.040013,-6.83999,5.0400095,-20.519997,3.9599438,-72.00001
2024-11-29 05:00:00+00:00,-1.4,92.0,0.0,1026.6,1023.26166,5.0911684,278.13,-2.95,209.0,6.9527545,291.25058,-2.3,1500.0,19.0,19.008547,335.37646,-22.35,5565.0,42.0,69.24738,351.02744,20218.0,6.0,59.3293,18.0686,5.040001,-0.71999115,6.4799967,-2.5200078,7.919991,-17.280006,10.799925,-68.40002
2024-11-29 06:00:00+00:00,-1.7,92.0,0.0,1026.8,1023.3619,5.5887027,255.06853,-2.95,210.0,8.759178,260.53775,-1.45,1503.0,16.0,17.654688,320.79282,-21.65,5574.0,58.0,67.0045,344.0968,20217.0,5.9,59.3293,18.0686,5.399998,1.4400054,8.640002,1.439988,11.159996,-13.680003,18.360111,-64.439964
2024-11-29 07:00:00+00:00,-1.95,92.0,0.0,1027.0,1023.5623,5.991594,237.26477,-2.7,211.0,14.039999,247.3801,-0.7,1506.0,14.0,17.974781,302.7352,-21.15,5583.0,69.0,65.052505,334.42764,20219.0,5.8,59.3293,18.0686,5.039999,3.240001,12.959996,5.400006,15.120007,-9.719989,28.07995,-58.68002
2024-11-29 08:00:00+00:00,-2.2,92.0,0.0,1027.1,1023.6626,6.638072,220.60121,-2.25,213.0,20.288164,242.52565,0.05,1509.0,14.0,20.620806,286.22028,-20.75,5591.0,77.0,65.088356,323.32016,20223.0,5.7,59.3293,18.0686,4.319992,5.040007,18.000011,9.359976,19.799992,-5.76003,38.88009,-52.199932
2024-11-29 09:00:00+00:00,-2.2,90.0,0.0,1027.1,1023.76276,7.5942082,211.42952,-1.9,213.0,25.140787,240.8658,0.55,1511.0,14.0,24.546085,274.2053,-20.4,5597.0,84.0,66.44414,315.65848,20225.0,5.7,59.3293,18.0686,3.9599943,6.4800034,21.960018,12.2399645,24.48,-1.7999729,46.440052,-47.519943
2024-11-29 10:00:00+00:00,-1.6,86.0,0.0,1027.0,1023.6626,8.287822,214.3804,-1.8,212.0,26.576681,241.69934,0.8,1511.0,14.0,29.934166,266.55267,-20.1,5600.0,91.0,66.725395,313.25107,20225.0,5.8,59.3293,18.0686,4.6800065,6.839995,23.400019,12.599965,29.880001,1.7999715,48.600002,-45.72
2024-11-29 11:00:00+00:00,-0.7,81.0,0.0,1026.7,1023.4621,9.178235,221.82008,-1.8,211.0,26.564486,243.43501,0.9,1510.0,14.0,35.690872,261.29785,-19.85,5601.0,96.0,65.69383,313.66785,20224.0,5.9,59.3293,18.0686,6.119989,6.84001,23.760012,11.879971,35.280006,5.3999553,47.51996,-45.36004
2024-11-29 12:00:00+00:00,-0.05,78.0,0.0,1026.4,1023.16144,10.44,226.39711,-1.6,209.0,27.047956,243.09398,0.95,1509.0,14.0,41.090492,258.887,-19.7,5602.0,100.0,65.19878,313.2101,20223.0,6.4,59.3293,18.0686,7.559991,7.2000093,24.120012,12.239972,40.32,7.9199834,47.519997,-44.64001
2024-11-29 13:00:00+00:00,0.1,79.0,0.0,1026.1,1022.8608,12.218805,224.9999,-1.1,207.0,30.070238,238.21278,0.95,1508.0,15.0,45.18538,258.51105,-19.7,5605.0,100.0,66.380714,310.60123,20222.0,7.4,59.3293,18.0686,8.639982,8.6400175,25.560013,15.839981,44.280006,8.999977,50.40006,-43.199924
2024-11-29 14:00:00+00:00,0.05,83.0,0.0,1025.7,1022.4599,14.291592,220.91429,-0.5,204.0,34.417206,232.65057,0.9,1507.0,16.0,48.299065,259.69522,-19.85,5608.0,100.0,68.04381,307.47626,20221.0,8.7,59.3293,18.0686,9.359981,10.800016,27.359966,20.880045,47.520004,8.639951,53.999935,-41.400078
2024-11-29 15:00:00+00:00,0.2,86.0,0.0,1025.4,1022.15924,15.856354,219.47243,0.15,202.0,37.56613,230.05388,0.9,1506.0,18.0,49.89605,261.28534,-19.95,5611.0,100.0,70.103935,304.75104,20220.0,10.2,59.3293,18.0686,10.079989,12.240006,28.800024,24.11997,49.320007,7.559941,57.599957,-39.96007
2024-11-29 16:00:00+00:00,0.9,86.0,0.0,1025.1,1021.8585,16.08761,220.46214,0.75,200.0,37.84283,230.40382,1.2,1505.0,18.0,49.899944,264.61853,-20.05,5613.0,99.0,72.89444,302.90524,20220.0,11.7,59.3293,18.0686,10.439981,12.240016,29.160006,24.119991,49.680004,4.6799397,61.200005,-39.599983
2024-11-29 17:00:00+00:00,1.8,85.0,0.0,1024.9,1021.55786,16.055355,222.27362,1.35,198.0,36.721764,232.56833,1.6,1503.0,19.0,48.60133,269.5756,-20.1,5615.0,99.0,75.447266,301.33878,20220.0,13.4,59.3293,18.0686,10.799986,11.880014,29.159971,22.320038,48.6,0.35999534,64.44005,-39.239906
2024-11-29 18:00:00+00:00,2.45,86.0,0.0,1024.7,1021.3574,15.782622,224.9999,1.9,197.0,36.158054,234.7275,1.55,1502.0,26.0,47.94627,273.01273,-20.05,5617.0,98.0,76.497246,300.5475,20221.0,15.0,59.3293,18.0686,11.159977,11.160022,29.519966,20.880049,47.88,-2.5199397,65.880066,-38.87989
2024-11-29 19:00:00+00:00,2.75,89.0,0.3,1024.6,1021.25726,15.7908325,226.8476,2.35,197.0,36.64404,236.62215,0.5,1502.0,47.0,47.607193,273.46817,-19.75,5619.0,98.0,74.70845,300.39548,20225.0,16.7,59.3293,18.0686,11.519996,10.800004,30.599993,20.16001,47.52,-2.8799586,64.440056,-37.799896
2024-11-29 20:00:00+00:00,2.85,94.0,0.3,1024.6,1021.25726,15.815435,228.69148,2.7,197.0,37.16902,238.46526,-1.05,1502.0,75.0,46.867798,273.08212,-19.35,5621.0,99.0,70.69304,300.6134,20229.0,18.4,59.3293,18.0686,11.880017,10.4399805,31.680021,19.439972,46.800003,-2.519942,60.84005,-35.999916
2024-11-29 21:00:00+00:00,2.95,97.0,0.3,1024.6,1021.25726,16.08761,229.53786,3.0,197.0,37.419224,239.98172,-1.95,1502.0,95.0,46.867798,273.08212,-19.1,5623.0,98.0,69.08718,300.70767,20232.0,19.6,59.3293,18.0686,12.240014,10.439983,32.40003,18.719946,46.800003,-2.519942,59.40006,-35.279907
2024-11-29 22:00:00+00:00,3.25,97.0,0.0,1024.5,1021.25726,16.363178,230.35587,3.15,197.0,36.927643,240.18593,-1.7,1502.0,99.0,47.391647,275.66718,-19.15,5625.0,95.0,71.31363,300.31882,20231.0,20.0,59.3293,18.0686,12.600007,10.439993,32.040024,18.35995,47.16001,-4.6799073,61.560043,-35.999924
2024-11-29 23:00:00+00:00,3.5,96.0,0.0,1024.4,1021.15704,16.641972,231.14662,3.15,196.0,36.12398,240.11356,-0.85,1501.0,94.0,48.828793,278.90665,-19.3,5626.0,90.0,75.150375,299.88095,20227.0,19.9,59.3293,18.0686,12.960002,10.44,31.32002,17.999954,48.24001,-7.5599203,65.160065,-37.439884
2024-11-30 00:00:00+00:00,3.75,95.0,0.0,1024.2,1021.05676,16.870138,230.19447,3.2,195.0,35.68542,239.03632,0.1,1501.0,89.0,50.200314,280.7458,-19.4,5627.0,88.0,77.69663,299.4155,20225.0,19.8,59.3293,18.0686,12.960008,10.799988,30.600021,18.359957,49.320007,-9.359927,67.68006,-38.15987
2024-11-30 01:00:00+00:00,4.0,95.0,0.0,1023.9,1020.7561,16.831684,228.46832,3.35,193.0,35.452232,237.43958,1.05,1500.0,86.0,52.32399,280.30478,-19.3,5627.0,91.0,77.69663,299.4155,20225.0,19.9,59.3293,18.0686,12.6000185,11.159979,29.879997,19.080002,51.480007,-9.359949,67.68006,-38.15987
2024-11-30 02:00:00+00:00,4.2,95.0,0.0,1023.6,1020.4555,17.072504,227.56381,3.5,190.0,35.65636,234.86572,2.15,1500.0,84.0,55.04234,279.03098,-19.15,5628.0,97.0,76.402306,299.34296,20225.0,20.0,59.3293,18.0686,12.600009,11.51999,29.159971,20.520042,54.360012,-8.639918,66.60005,-37.43989
2024-11-30 03:00:00+00:00,4.3,95.0,0.0,1023.3,1020.15485,17.057314,225.85501,3.6,188.0,35.71265,232.78348,3.0,1499.0,82.0,55.905575,277.3995,-19.1,5628.0,99.0,74.41471,298.30066,20226.0,20.1,59.3293,18.0686,12.239982,11.880017,28.439964,21.60004,55.44001,-7.199908,65.52007,-35.279873
2024-11-30 04:00:00+00:00,4.4,95.0,0.0,1023.1,1019.95435,17.057314,225.85501,3.6,186.0,36.152676,231.87477,3.5,1499.0,84.0,54.306328,276.08844,-19.3,5629.0,92.0,71.16718,295.78726,20227.0,20.1,59.3293,18.0686,12.239982,11.880017,28.439976,22.32003,54.000008,-5.7599087,64.08003,-30.959934
2024-11-30 05:00:00+00:00,4.45,95.0,0.0,1023.0,1019.8541,17.31746,226.68465,3.55,185.0,36.658184,231.77953,3.75,1499.0,88.0,50.8875,274.05667,-19.65,5631.0,80.0,67.385414,291.63095,20227.0,20.0,59.3293,18.0686,12.599992,11.880008,28.79998,22.680027,50.760006,-3.5999386,62.639973,-24.84005
2024-11-30 06:00:00+00:00,4.45,94.0,0.0,1022.9,1019.7539,17.581125,227.4896,3.5,184.0,36.658184,231.77953,4.0,1499.0,85.0,48.60133,269.5756,-19.95,5632.0,75.0,66.17051,286.75903,20229.0,19.7,59.3293,18.0686,12.960007,11.879992,28.79998,22.680027,48.6,0.35999534,63.359974,-19.080095
2024-11-30 07:00:00+00:00,4.5,91.0,0.0,1022.8,1019.6537,17.581125,227.4896,3.45,184.0,36.658184,231.77953,4.25,1499.0,70.0,48.175476,260.53775,-20.2,5633.0,83.0,70.46075,281.19507,20232.0,19.2,59.3293,18.0686,12.960007,11.879992,28.79998,22.680027,47.520008,7.9199333,69.12001,-13.679942
2024-11-30 08:00:00+00:00,4.45,87.0,0.0,1022.8,1019.55347,17.339897,228.36655,3.35,183.0,35.931534,232.32634,4.4,1499.0,49.0,50.22613,249.87646,-20.45,5633.0,96.0,77.84162,276.106,20236.0,18.4,59.3293,18.0686,12.960016,11.519982,28.439976,21.960032,47.159977,17.280073,77.40001,-8.279871
2024-11-30 09:00:00+00:00,4.35,85.0,0.0,1022.6,1019.353,17.339897,228.36655,3.25,182.0,35.647274,231.97272,4.5,1498.0,31.0,53.12897,243.43501,-20.6,5632.0,100.0,81.77074,272.01834,20239.0,17.2,59.3293,18.0686,12.960016,11.519982,28.079975,21.960033,47.520023,23.759941,81.72,-2.8799284
2024-11-30 10:00:00+00:00,4.15,86.0,0.3,1022.2,1018.85187,17.072504,227.56381,3.05,178.0,35.031162,230.42062,4.5,1494.0,22.0,55.23038,242.43289,-20.65,5630.0,98.0,77.50123,267.0712,20241.0,15.1,59.3293,18.0686,12.600009,11.51999,27.000004,22.319992,48.960045,25.559914,77.399994,3.9599369
2024-11-30 11:00:00+00:00,3.85,89.0,0.3,1021.6,1018.35077,17.057314,225.85501,2.85,174.0,34.44167,228.81416,4.4,1488.0,16.0,57.15957,244.24193,-20.65,5626.0,87.0,70.01514,260.82834,20242.0,12.5,59.3293,18.0686,12.239982,11.880017,25.920033,22.679956,51.480026,24.839949,69.12001,11.159915
2024-11-30 12:00:00+00:00,3.55,90.0,0.3,1021.0,1017.7495,17.057314,224.14499,2.7,169.0,34.145008,227.56381,4.3,1482.0,12.0,58.569466,247.21756,-20.55,5621.0,79.0,65.92326,256.41907,20242.0,10.5,59.3293,18.0686,11.880018,12.239981,25.200018,23.03998,53.99998,22.680042,64.079994,15.480007
2024-11-30 13:00:00+00:00,3.4,88.0,0.0,1020.5,1017.24835,17.31746,223.31535,2.65,165.0,34.63492,226.68465,4.2,1478.0,6.0,59.429447,250.9064,-20.35,5614.0,83.0,67.59281,257.074,20241.0,9.1,59.3293,18.0686,11.880009,12.599991,25.199984,23.760015,56.15996,19.440107,65.88,15.119994
2024-11-30 14:00:00+00:00,3.25,84.0,0.0,1020.1,1016.8475,17.84816,221.72942,2.7,161.0,35.652725,226.63654,4.0,1474.0,0.0,60.33948,255.1346,-20.1,5606.0,91.0,71.61376,260.15894,20240.0,8.2,59.3293,18.0686,11.879976,13.320021,25.919981,24.480019,58.319984,15.480059,70.56001,12.239926
2024-11-30 15:00:00+00:00,3.2,80.0,0.0,1019.7,1016.4466,18.11841,220.97165,2.8,158.0,35.90086,226.2188,3.8,1471.0,6.0,61.56736,259.21576,-20.0,5599.0,91.0,74.034065,262.73685,20240.0,8.5,59.3293,18.0686,11.879977,13.680018,25.919958,24.840036,60.480007,11.519937,73.44001,9.359901
2024-11-30 16:00:00+00:00,3.4,76.0,0.0,1019.2,1016.0457,18.391737,220.23628,2.95,155.0,35.63818,224.9999,3.45,1468.0,32.0,62.827995,262.42715,-20.15,5594.0,73.0,72.03778,263.9761,20241.0,10.9,59.3293,18.0686,11.879981,14.040017,25.199947,25.200048,62.280018,8.279892,71.64001,7.5598803
2024-11-30 17:00:00+00:00,3.75,72.0,0.0,1018.8,1015.64484,18.668005,219.5226,3.15,152.0,34.882866,223.74562,3.0,1466.0,69.0,64.338356,264.8637,-20.5,5590.0,47.0,68.34787,264.55975,20244.0,14.4,59.3293,18.0686,11.879991,14.400008,24.12003,25.19997,64.08001,5.759914,68.04001,6.479896
2024-11-30 18:00:00+00:00,3.9,70.0,0.0,1018.4,1015.24396,18.947083,218.82983,3.25,149.0,34.63492,223.31535,2.75,1464.0,95.0,65.28022,266.52228,-20.7,5587.0,28.0,65.7727,264.976,20246.0,16.9,59.3293,18.0686,11.880001,14.759997,23.760017,25.199982,65.16,3.9599164,65.520004,5.7598977
2024-11-30 19:00:00+00:00,3.85,70.0,0.0,1018.2,1014.9433,19.174856,219.6678,3.2,147.0,34.62369,224.15756,2.8,1462.0,98.0,65.63956,266.54135,-20.75,5584.0,24.0,65.91441,263.729,20248.0,17.1,59.3293,18.0686,12.239988,14.760007,24.120037,24.839966,65.520004,3.959907,65.52001,7.199896
2024-11-30 20:00:00+00:00,3.7,71.0,0.0,1018.0,1014.74286,19.64228,221.2846,3.1,145.0,35.132755,225.83023,2.95,1461.0,89.0,64.9957,265.5527,-20.65,5582.0,28.0,67.61103,262.04257,20250.0,16.2,59.3293,18.0686,12.959972,14.760024,25.199965,24.480036,64.8,5.0399027,66.960014,9.359903
2024-11-30 21:00:00+00:00,3.6,72.0,0.0,1017.8,1014.54236,19.61587,222.7688,3.05,143.0,35.143818,226.66023,3.05,1460.0,83.0,63.948406,265.1561,-20.65,5580.0,32.0,69.70347,262.58145,20252.0,15.5,59.3293,18.0686,13.319989,14.400007,25.559978,24.12002,63.72001,5.3999047,69.12001,8.999867
2024-11-30 22:00:00+00:00,3.7,74.0,0.0,1017.5,1014.3419,19.107151,222.70937,3.15,141.0,34.38895,227.12111,3.0,1458.0,84.0,60.587044,266.59363,-20.65,5579.0,33.0,72.04408,267.9955,20253.0,15.4,59.3293,18.0686,12.959995,14.040005,25.200006,23.399992,60.48,3.599931,72.0,2.5199518
2024-11-30 23:00:00+00:00,3.9,76.0,0.0,1017.2,1014.04126,18.59845,222.64667,3.35,139.0,33.108257,226.76236,2.85,1457.0,88.0,56.530315,268.90533,-20.7,5578.0,34.0,75.877205,274.899,20253.0,15.5,59.3293,18.0686,12.59999,13.680006,24.119987,22.680012,56.519997,1.0799699,75.600006,-6.4798713
2024-12-01 00:00:00+00:00,4.1,79.0,0.0,1016.9,1013.7406,17.84816,221.72942,3.55,137.0,32.078403,225.90929,2.65,1455.0,91.0,55.084705,270.7489,-20.9,5576.0,37.0,79.8405,279.08,20252.0,15.7,59.3293,18.0686,11.879976,13.320021,23.039963,22.320038,55.08,-0.7199694,78.84002,-12.599861
2024-12-01 01:00:00+00:00,4.35,82.0,0.0,1016.5,1013.3397,17.148247,219.0355,3.8,134.0,31.060303,224.0609,2.15,1453.0,95.0,58.68441,270.70297,-21.3,5574.0,43.0,82.57902,278.2713,20250.0,16.3,59.3293,18.0686,10.799998,13.320002,21.600035,22.319965,58.679993,-0.7199828,81.72003,-11.879868
2024-12-01 02:00:00+00:00,4.55,85.0,0.0,1016.0,1012.8386,16.78156,215.39488,4.05,130.0,29.598919,221.05472,1.55,1451.0,99.0,64.441,269.67993,-21.85,5571.0,50.0,84.578545,275.12808,20248.0,17.0,59.3293,18.0686,9.720019,13.679986,19.43996,22.320034,64.439995,0.3599743,84.240005,-7.5598354
2024-12-01 03:00:00+00:00,4.85,87.0,0.0,1015.6,1012.3375,16.575644,214.3804,4.4,126.0,29.407835,219.53612,1.5,1449.0,99.0,68.05524,268.7876,-22.25,5568.0,56.0,86.59178,273.814,20245.0,17.5,59.3293,18.0686,9.360013,13.67999,18.719984,22.680014,68.04,1.4399816,86.4,-5.7598953
2024-12-01 04:00:00+00:00,5.25,89.0,0.0,1015.2,1011.93665,16.992609,216.38445,4.8,123.0,29.871325,220.60121,2.55,1447.0,92.0,67.021904,267.53723,-22.45,5565.0,61.0,87.905624,275.64044,20242.0,17.5,59.3293,18.0686,10.080022,13.679982,19.439964,22.680033,66.96,2.8799503,87.48001,-8.639852
2024-12-01 05:00:00+00:00,5.75,89.0,0.0,1014.9,1011.636,17.935081,218.48022,5.25,121.0,31.581665,223.1524,4.1,1445.0,81.0,64.22545,266.14328,-22.55,5563.0,66.0,88.89886,278.85193,20239.0,17.2,59.3293,18.0686,11.160006,14.039993,21.600004,23.039995,64.08,4.3199244,87.84001,-13.679879
2024-12-01 06:00:00+00:00,6.15,90.0,0.0,1014.6,1011.43555,18.626305,221.08165,5.65,119.0,32.32992,224.54892,5.1,1444.0,73.0,62.12478,265.34674,-22.45,5563.0,69.0,89.59372,281.35504,20238.0,16.9,59.3293,18.0686,12.239976,14.040022,22.68002,23.039976,61.920006,5.039912,87.84001,-17.639914
2024-12-01 07:00:00+00:00,6.55,90.0,0.0,1014.4,1011.33527,18.899143,220.36446,5.95,118.0,32.32992,224.54892,4.8,1444.0,73.0,62.096615,265.6778,-22.05,5567.0,70.0,89.8126,282.03058,20241.0,16.3,59.3293,18.0686,12.23998,14.400018,22.68002,23.039976,61.920013,4.6799145,87.84,-18.719984
2024-12-01 08:00:00+00:00,6.9,90.0,0.0,1014.4,1011.2351,19.174856,219.6678,6.25,118.0,31.828968,223.62523,3.9,1444.0,76.0,62.723732,267.03912,-21.5,5574.0,70.0,89.73826,281.80576,20245.0,15.6,59.3293,18.0686,12.239988,14.760007,21.960026,23.039976,62.64,3.2399454,87.840004,-18.359957
2024-12-01 09:00:00+00:00,7.25,89.0,0.0,1014.2,1011.1349,19.174856,219.6678,6.55,117.0,31.319998,223.60289,3.5,1444.0,75.0,63.745422,268.38193,-21.0,5579.0,71.0,88.607544,281.72076,20248.0,15.6,59.3293,18.0686,12.239988,14.760007,21.600027,22.67997,63.720005,1.7999742,86.76001,-17.999935
2024-12-01 10:00:00+00:00,7.75,88.0,0.0,1013.9,1010.83417,18.864824,221.90585,7.05,114.0,30.551254,225.95474,4.15,1442.0,65.0,65.52099,270.3148,-20.65,5582.0,77.0,85.71478,281.87625,20248.0,16.9,59.3293,18.0686,12.5999775,14.04002,21.959963,21.240036,65.52,-0.359979,83.880005,-17.639982
2024-12-01 11:00:00+00:00,8.2,87.0,0.0,1013.5,1010.43335,18.335276,226.5911,7.55,111.0,29.598919,228.94528,5.25,1440.0,51.0,68.08665,272.12103,-20.4,5584.0,84.0,81.76677,282.20044,20247.0,18.8,59.3293,18.0686,13.319987,12.600012,22.32003,19.439964,68.04,-2.5199096,79.920006,-17.27996
2024-12-01 12:00:00+00:00,8.5,87.0,0.0,1013.2,1010.1327,18.11841,229.02835,7.95,108.0,28.90107,230.55997,6.15,1438.0,43.0,69.5555,272.66983,-20.2,5585.0,85.0,79.35694,281.5138,20244.0,20.1,59.3293,18.0686,13.6800165,11.879981,22.320007,18.359987,69.479996,-3.239939,77.76002,-15.839942
2024-12-01 13:00:00+00:00,8.5,88.0,0.0,1012.9,1009.832,17.581125,227.4896,8.1,106.0,28.312117,228.60857,6.45,1438.0,49.0,68.76848,270.89984,-20.1,5587.0,76.0,81.0224,279.46225,20240.0,20.0,59.3293,18.0686,12.960007,11.879992,21.240028,18.719965,68.759995,-1.0799727,79.92002,-13.319892
2024-12-01 14:00:00+00:00,8.35,90.0,0.0,1012.7,1009.6316,17.072504,222.43619,8.1,105.0,28.001427,224.9999,6.5,1438.0,61.0,67.38158,267.55038,-20.1,5588.0,62.0,84.0837,276.6381,20235.0,19.2,59.3293,18.0686,11.51999,12.600008,19.79996,19.80004,67.32,2.879933,83.52002,-9.719878
2024-12-01 15:00:00+00:00,8.25,91.0,0.0,1012.5,1009.4311,17.148247,219.0355,8.1,103.0,28.28464,222.4208,6.6,1438.0,70.0,67.20729,265.08353,-20.05,5589.0,49.0,85.898285,274.08554,20231.0,18.4,59.3293,18.0686,10.799998,13.320002,19.079983,20.880016,66.960014,5.7598987,85.68,-6.119895
2024-12-01 16:00:00+00:00,8.45,91.0,0.0,1012.3,1009.13043,18.161278,219.3693,8.2,101.0,29.301876,222.5104,6.95,1437.0,71.0,70.10763,264.99213,-19.95,5590.0,38.0,83.54793,271.4814,20228.0,18.0,59.3293,18.0686,11.519995,14.040005,19.799984,21.600014,69.84001,6.119871,83.520004,-2.1599371
2024-12-01 17:00:00+00:00,8.65,90.0,0.0,1012.0,1008.8298,19.134262,221.18582,8.3,99.0,30.551254,224.04526,7.35,1435.0,68.0,74.71539,265.85544,-19.9,5590.0,27.0,79.58931,268.4449,20224.0,17.6,59.3293,18.0686,12.599971,14.400025,21.240038,21.959963,74.520004,5.3999143,79.56,2.1599507
2024-12-01 18:00:00+00:00,8.8,89.0,0.0,1011.8,1008.62933,20.12461,222.82524,8.35,97.0,31.311722,224.53424,7.65,1433.0,64.0,77.701645,264.94986,-19.8,5590.0,22.0,77.64157,265.47913,20222.0,17.1,59.3293,18.0686,13.679994,14.760005,21.96002,22.319979,77.40001,6.8398695,77.4,6.119886
2024-12-01 19:00:00+00:00,8.85,89.0,0.0,1011.6,1008.4289,20.371038,223.56796,8.35,96.0,31.056128,224.9999,7.8,1432.0,61.0,78.77422,260.79602,-19.7,5589.0,25.0,79.751175,263.26004,20221.0,16.6,59.3293,18.0686,14.040015,14.759985,21.959953,21.960043,77.76002,12.599917,79.20002,9.359888
2024-12-01 20:00:00+00:00,8.75,88.0,0.0,1011.5,1008.3286,19.862083,223.53127,8.3,94.0,30.037897,224.9999,7.8,1430.0,57.0,79.37816,255.01831,-19.65,5587.0,32.0,83.64792,261.8351,20220.0,15.9,59.3293,18.0686,13.680014,14.399985,21.239958,21.240044,76.67998,20.520079,82.80002,11.879876
2024-12-01 21:00:00+00:00,8.55,88.0,0.0,1011.2,1008.12823,19.35314,223.49261,8.15,92.0,28.766228,224.49303,7.8,1428.0,53.0,79.937836,250.2593,-19.7,5584.0,41.0,86.358734,259.67386,20218.0,15.3,59.3293,18.0686,13.320012,14.0399885,20.160015,20.519981,75.239944,27.000149,84.96001,15.479914
2024-12-01 22:00:00+00:00,8.3,88.0,0.0,1010.8,1007.72736,18.35647,221.82008,7.9,89.0,27.248455,223.39404,7.75,1425.0,50.0,79.50867,246.80139,-20.0,5580.0,50.0,87.05303,256.366,20215.0,14.5,59.3293,18.0686,12.239978,13.68002,18.720013,19.799984,73.07999,31.320011,84.59998,20.52006
2024-12-01 23:00:00+00:00,7.9,89.0,0.0,1010.3,1007.2262,17.654688,219.20718,7.55,85.0,25.772078,221.03525,7.6,1420.0,47.0,78.08764,244.02565,-20.45,5576.0,60.0,87.32282,252.23724,20211.0,13.7,59.3293,18.0686,11.159993,13.680005,16.919966,19.44003,70.20001,34.19996,83.15996,26.640123
2024-12-02 00:00:00+00:00,7.5,89.0,0.0,1009.8,1006.62494,17.208603,217.34943,7.2,80.0,24.29133,219.5881,7.45,1415.0,45.0,76.82858,241.75389,-20.65,5570.0,70.0,87.77653,248.59126,20207.0,13.1,59.3293,18.0686,10.440017,13.679988,15.479992,18.720005,67.68005,36.359886,81.71996,32.040077
2024-12-02 01:00:00+00:00,7.05,89.0,0.0,1009.2,1005.92334,17.49615,216.6342,6.8,75.0,23.051247,218.65984,7.2,1408.0,41.0,76.08871,240.5242,-20.45,5563.0,81.0,88.16473,246.15628,20202.0,12.7,59.3293,18.0686,10.440022,14.039985,14.400007,17.999994,66.24007,37.439888,80.63999,35.64001
2024-12-02 02:00:00+00:00,6.55,90.0,0.0,1008.4,1005.2218,18.289274,216.1933,6.35,69.0,22.039528,218.36752,6.9,1400.0,37.0,75.150375,240.11903,-20.05,5556.0,92.0,88.55194,243.95586,20196.0,12.6,59.3293,18.0686,10.800022,14.759981,13.680013,17.279991,65.160065,37.439884,79.56003,38.879917
2024-12-02 03:00:00+00:00,6.2,90.0,0.0,1007.8,1004.6205,18.79255,216.43095,6.05,64.0,21.028437,218.04709,6.6,1393.0,39.0,75.150375,240.11903,-19.75,5548.0,98.0,90.50832,242.00804,20192.0,13.3,59.3293,18.0686,11.160023,15.11998,12.960011,16.559992,65.160065,37.439884,79.92006,42.47989
2024-12-02 04:00:00+00:00,6.2,90.0,0.0,1007.2,1004.0191,18.79255,216.43095,6.05,59.0,19.513195,217.50421,6.3,1387.0,53.0,77.66077,241.17767,-19.7,5540.0,96.0,96.583374,240.2817,20188.0,15.9,59.3293,18.0686,11.160023,15.11998,11.880015,15.479987,68.04006,37.439884,83.88006,47.879887
2024-12-02 05:00:00+00:00,6.35,89.0,0.0,1006.7,1003.6183,18.581022,215.53777,6.15,55.0,18.289274,216.1933,6.05,1382.0,73.0,81.47222,242.64246,-19.75,5531.0,89.0,103.846115,238.90005,20185.0,19.3,59.3293,18.0686,10.800022,15.119983,10.800022,14.759981,72.36005,37.439907,88.92005,53.63991
2024-12-02 06:00:00+00:00,6.2,88.0,0.0,1006.5,1003.41785,18.671474,213.9965,6.05,53.0,17.873556,214.33028,5.9,1380.0,84.0,83.436165,241.66585,-19.75,5527.0,80.0,107.03569,236.5237,20186.0,20.9,59.3293,18.0686,10.440012,15.479991,10.080013,14.759992,73.440056,39.599903,89.27995,59.040054
2024-12-02 07:00:00+00:00,5.55,86.0,0.0,1006.9,1003.81866,19.513195,209.8759,5.45,56.0,19.513195,209.8759,6.0,1383.0,78.0,82.27319,236.24036,-19.65,5531.0,68.0,101.70685,231.46686,20193.0,18.7,59.3293,18.0686,9.719971,16.920015,9.719971,16.920015,68.399956,45.720066,79.559975,63.360027
2024-12-02 08:00:00+00:00,4.6,84.0,0.0,1007.6,1004.42004,20.291357,205.2011,4.6,62.0,22.226902,204.90474,6.2,1390.0,63.0,80.57086,228.26025,-19.55,5538.0,54.0,92.92255,224.21527,20203.0,14.8,59.3293,18.0686,8.63999,18.360003,9.359987,20.160006,60.120083,53.639904,64.80011,66.59989
2024-12-02 09:00:00+00:00,4.0,82.0,0.0,1008.0,1004.82086,20.991426,202.1664,4.05,66.0,23.73271,202.28563,6.25,1393.0,53.0,80.254166,222.63672,-19.55,5542.0,48.0,87.876144,218.5132,20210.0,12.3,59.3293,18.0686,7.920018,19.439991,9.000014,21.959993,54.359966,59.04003,54.720028,68.75999
2024-12-02 10:00:00+00:00,4.05,81.0,0.0,1007.8,1004.6205,20.65848,202.5431,4.05,64.0,23.068108,202.9638,6.1,1390.0,55.0,80.78531,222.2908,-19.7,5537.0,56.0,87.55699,217.48248,20212.0,13.0,59.3293,18.0686,7.920013,19.079994,9.000014,21.239994,54.359932,59.76005,53.28008,69.47992
2024-12-02 11:00:00+00:00,4.45,80.0,0.0,1007.3,1004.1194,20.140705,204.27443,4.35,61.0,21.096123,205.25313,5.75,1384.0,63.0,80.95119,224.6397,-19.95,5528.0,71.0,89.28653,219.27313,20210.0,15.2,59.3293,18.0686,8.279996,18.36,8.999988,19.080006,56.880035,57.599968,56.519966,69.120026
2024-12-02 12:00:00+00:00,4.75,80.0,0.0,1006.9,1003.71844,19.319628,206.56499,4.6,57.0,19.483284,207.51192,5.3,1379.0,68.0,79.74548,227.37836,-20.25,5519.0,83.0,90.04966,221.27202,20209.0,16.8,59.3293,18.0686,8.639981,17.28001,8.999972,17.280012,58.68002,53.999977,59.39987,67.68011
2024-12-02 13:00:00+00:00,4.95,80.0,0.0,1006.7,1003.518,18.514643,206.56499,4.75,55.0,18.359999,208.07239,4.65,1375.0,68.0,75.63942,230.01991,-20.55,5510.0,86.0,88.622894,223.35406,20208.0,16.9,59.3293,18.0686,8.279982,16.560009,8.63997,16.200014,57.960037,48.599957,60.84003,64.43996
2024-12-02 14:00:00+00:00,5.05,81.0,0.0,1006.5,1003.31757,18.03237,206.05344,4.95,53.0,17.068707,207.64589,3.85,1372.0,65.0,69.77038,233.60303,-20.95,5501.0,86.0,86.555855,225.67395,20206.0,16.3,59.3293,18.0686,7.919982,16.200006,7.919977,15.120009,56.159924,41.400105,61.9199,60.480095
2024-12-02 15:00:00+00:00,5.15,82.0,0.0,1006.3,1003.21735,17.22742,206.02953,5.1,52.0,16.263872,207.69939,3.05,1369.0,63.0,64.223434,237.82443,-21.3,5492.0,85.0,84.90583,228.26569,20205.0,15.6,59.3293,18.0686,7.5599833,15.48001,7.5599775,14.40001,54.36002,34.19997,63.3601,56.51989
2024-12-02 16:00:00+00:00,5.3,83.0,0.0,1006.2,1003.1172,16.42247,206.0033,5.25,51.0,15.459054,207.75845,2.25,1367.0,61.0,58.769375,242.6502,-21.7,5483.0,84.0,83.38489,230.60619,20204.0,14.8,59.3293,18.0686,7.1999874,14.760003,7.1999784,13.68001,52.200035,26.999928,64.44,52.91999
2024-12-02 17:00:00+00:00,5.35,85.0,0.0,1006.1,1003.0169,15.941944,205.40767,5.35,50.0,14.48972,206.56499,1.4,1365.0,59.0,53.683468,248.76932,-22.1,5473.0,81.0,82.51228,232.98003,20203.0,14.0,59.3293,18.0686,6.8399873,14.400005,6.4799857,12.960007,50.03997,19.440063,65.87992,49.68011
2024-12-02 18:00:00+00:00,5.45,86.0,0.0,1006.0,1002.9167,15.463246,204.77512,5.5,49.0,14.007655,205.90645,0.65,1363.0,59.0,50.142193,254.16754,-22.5,5465.0,81.0,83.241,233.97253,20202.0,13.4,59.3293,18.0686,6.4799924,14.040003,6.119987,12.600006,48.239975,13.68006,67.319916,48.960114
2024-12-02 19:00:00+00:00,5.6,87.0,0.0,1005.9,1002.81647,15.7908325,204.22774,5.65,48.0,13.854155,204.56715,0.05,1362.0,63.0,48.22522,257.93512,-22.85,5458.0,84.0,86.61648,232.9395,20202.0,13.3,59.3293,18.0686,6.479998,14.400001,5.759997,12.600001,47.16,10.079989,69.11992,52.20011
2024-12-02 20:00:00+00:00,5.75,87.0,0.0,1005.8,1002.71625,16.1198,203.70265,5.8,47.0,14.512064,203.38524,-0.5,1361.0,69.0,47.110508,260.3218,-23.15,5451.0,88.0,91.87056,230.88437,20203.0,13.5,59.3293,18.0686,6.48,14.759999,5.760003,13.319999,46.44001,7.9199395,71.27999,57.960007
2024-12-02 21:00:00+00:00,5.85,88.0,0.0,1005.7,1002.616,16.45007,203.19861,5.9,47.0,14.512064,203.38524,-0.95,1360.0,76.0,45.770996,262.3161,-23.45,5445.0,92.0,97.46629,228.8938,20203.0,13.8,59.3293,18.0686,6.480004,15.119998,5.760003,13.319999,45.36001,6.1199408,73.44009,64.07989
2024-12-02 22:00:00+00:00,5.95,89.0,0.0,1005.7,1002.616,16.1198,203.70265,5.95,47.0,14.039999,202.6199,-1.4,1360.0,83.0,44.208233,263.4538,-23.85,5438.0,95.0,103.14926,226.83847,20203.0,14.0,59.3293,18.0686,6.48,14.759999,5.400007,12.959996,43.920006,5.0399427,75.23996,70.560036
